"Name",match1,match2,match3,match4,match5,match6,match7,match8,match9,match10,match11,match12,match13,match14,match15,match16,match17,match18,match19,,match20,match21
"Player1","","","","","","","","","","","","","","","","","","","","","",""
"Player2","","","","","","","","","","","","","","","","","","","","","",""
"Player3","","","","","","","","","","","","","","","","","","","","","",""
"Player4","","","","","","","","","","","","","","","","","","","","","",""
"Player5","","","","","","","","","","","","","","","","","","","","","",""
"Player6","","","","","","","","","","","","","","","","","","","","","",""
"Player7","","","","","","","","","","","","","","","","","","","","","",""
"Player8","","","","","","","","","","","","","","","","","","","","","",""
"Player9","","","","","","","","","","","","","","","","","","","","","",""
"Player10","","","","","","","","","","","","","","","","","","","","","",""
"Player11","","","","","","","","","","","","","","","","","","","","","",""